SurveyName,Year,monthNominal,Match_Name,Transect,Station,Date_isotxt,Time,Cast#,Depth,Type
"S2023-02","2023","2","6_1","6","1","2023-02-16","11:17:00","121","36","CTD"
"S2023-02","2023","2","6_2","6","2","2023-02-16","11:25:00","122","53","CTD"
"S2023-02","2023","2","6_3","6","3","2023-02-16","11:34:00","123","107","CTD"
"S2023-02","2023","2","6_4","6","4","2023-02-16","11:50:00","124","110","CTD"
"S2023-02","2023","2","7_20","7","20","2023-02-16","12:18:00","125","86","CTD"
"S2023-02","2023","2","7_21","7","21","2023-02-16","12:27:00","126","76","CTD"
"S2023-02","2023","2","7_22","7","22","2023-02-16","12:36:00","127","55","CTD"
"S2023-02","2023","2","7_23","7","23","2023-02-16","12:44:00","128","55","CTD"
"S2023-02","2023","2","AlongBay_PTGR","AlongBay","PTGR","2023-02-16","13:02:00","129","69","CTD"
"S2023-02","2023","2","AlongBay_POGI","AlongBay","POGI","2023-02-16","13:18:00","130","103","CTD"
"S2023-02","2023","2","AlongBay_1","AlongBay","1","2023-02-16","13:37:00","131","73","CTD"
"S2023-02","2023","2","AlongBay_2","AlongBay","2","2023-02-16","13:57:00","132","123","CTD"
"S2023-02","2023","2","AlongBay_3","AlongBay","3","2023-02-16","14:11:00","133","109","CTD"
"S2023-02","2023","2","AlongBay_4","AlongBay","4","2023-02-16","14:32:00","134","154","CTD"
"S2023-02","2023","2","AlongBay_5","AlongBay","5","2023-02-16","14:46:00","135","174","CTD"
"S2023-02","2023","2","AlongBay_6","AlongBay","6","2023-02-16","15:03:00","136","101","CTD"
"S2023-02","2023","2","AlongBay_7","AlongBay","7","2023-02-16","15:14:00","137","146","CTD"
"S2023-02","2023","2","AlongBay_8","AlongBay","8","2023-02-16","15:28:00","138","80","CTD"
"S2023-02","2023","2","AlongBay_9","AlongBay","9","2023-02-16","15:38:00","139","66","CTD"
"S2023-02","2023","2","AlongBay_10","AlongBay","10","2023-02-16","15:46:00","140","61","CTD"
"S2023-02","2023","2","AlongBay_11","AlongBay","11","2023-02-16","16:02:00","141","53","CTD"
"S2023-02","2023","2","4_10","4","10","2023-02-18","13:06:00","142","20","CTD"
"S2023-02","2023","2","4_9","4","9","2023-02-18","13:11:00","143","30","CTD"
"S2023-02","2023","2","4_8","4","8","2023-02-18","13:18:00","144","33","CTD"
"S2023-02","2023","2","4_7","4","7","2023-02-18","13:25:00","145","40","CTD"
"S2023-02","2023","2","4_6","4","6","2023-02-18","13:32:00","146","71","CTD"
"S2023-02","2023","2","4_5","4","5","2023-02-18","13:42:00","147","83","CTD"
"S2023-02","2023","2","4_4","4","4","2023-02-18","13:52:00","148","92","CTD"
"S2023-02","2023","2","4_3","4","3","2023-02-18","14:02:00","149","112","CTD"
"S2023-02","2023","2","4_2","4","2","2023-02-18","14:13:00","150","102","CTD"
"S2023-02","2023","2","4_1","4","1","2023-02-18","14:22:00","151","21","CTD"
"S2023-02","2023","2","9_1","9","1","2023-02-18","14:51:00","152","63","CTD"
"S2023-02","2023","2","9_2","9","2","2023-02-18","14:58:00","153","83","CTD"
"S2023-02","2023","2","9_3","9","3","2023-02-18","15:05:00","154","96","CTD"
"S2023-02","2023","2","9_4","9","4","2023-02-18","15:13:00","155","97","CTD"
"S2023-02","2023","2","9_5","9","5","2023-02-18","15:22:00","156","100","CTD"
"S2023-02","2023","2","9_6","9","6","2023-02-18","15:30:00","157","103","CTD"
"S2023-02","2023","2","9_7","9","7","2023-02-18","15:40:00","158","101","CTD"
"S2023-02","2023","2","9_8","9","8","2023-02-18","15:48:00","159","94","CTD"
"S2023-02","2023","2","9_9","9","9","2023-02-18","15:55:00","160","","CTD"
"S2023-02","2023","2","9_10","9","10","2023-02-18","16:03:00","161","60","CTD"
"S2023-02","2023","2","6_3","6","3","2023-03-08","11:34:00","164","106","CTD"
"S2023-02","2023","2","7_22","7","22","2023-03-08","12:01:00","165","76","CTD"
"S2023-02","2023","2","AlongBay_PTGR","AlongBay","PTGR","2023-03-08","12:17:00","166","70","CTD"
"S2023-02","2023","2","AlongBay_POGI","AlongBay","POGI","2023-03-08","12:31:00","167","103","CTD"
"S2023-02","2023","2","AlongBay_1","AlongBay","1","2023-03-08","12:47:00","168","75","CTD"
"S2023-02","2023","2","AlongBay_2","AlongBay","2","2023-03-08","13:05:00","169","125","CTD"
"S2023-02","2023","2","AlongBay_3","AlongBay","3","2023-03-08","13:17:00","170","111","CTD"
"S2023-02","2023","2","AlongBay_4","AlongBay","4","2023-03-08","13:34:00","171","158","CTD"
"S2023-02","2023","2","AlongBay_5","AlongBay","5","2023-03-08","13:48:00","172","177","CTD"
"S2023-02","2023","2","AlongBay_6","AlongBay","6","2023-03-08","14:03:00","173","104","CTD"
"S2023-03","2023","3","AlongBay_13","AlongBay","13","2023-03-28","11:53:00","174","24","CTD"
"S2023-03","2023","3","AlongBay_12","AlongBay","12","2023-03-28","12:08:00","175","78","CTD"
"S2023-03","2023","3","AlongBay_11","AlongBay","11","2023-03-28","12:22:00","176","54","CTD"
"S2023-03","2023","3","AlongBay_10","AlongBay","10","2023-03-28","12:38:00","177","61","CTD"
"S2023-03","2023","3","AlongBay_10","AlongBay","10","2023-03-28","12:40:00","","51","Nutrients"
"S2023-03","2023","3","AlongBay_9","AlongBay","9","2023-03-28","13:05:00","178","66","CTD"
"S2023-03","2023","3","AlongBay_8","AlongBay","8","2023-03-28","13:20:00","179","81","CTD"
"S2023-03","2023","3","AlongBay_7","AlongBay","7","2023-03-28","13:36:00","180","146","CTD"
"S2023-03","2023","3","AlongBay_6","AlongBay","6","2023-03-28","13:52:00","181","100","CTD"
"S2023-03","2023","3","AlongBay_6","AlongBay","6","2023-03-28","13:54:00","","90","Nutrients"
"S2023-03","2023","3","AlongBay_5","AlongBay","5","2023-03-28","14:12:00","182","173","CTD"
"S2023-03","2023","3","AlongBay_4","AlongBay","4","2023-03-28","14:33:00","183","152","CTD"
"S2023-03","2023","3","AlongBay_3","AlongBay","3","2023-03-28","14:58:00","184","108","CTD"
"S2023-03","2023","3","AlongBay_3","AlongBay","3","2023-03-28","15:00:00","","98","Nutrients"
"S2023-03","2023","3","AlongBay_2","AlongBay","2","2023-03-28","15:18:00","185","122","CTD"
"S2023-03","2023","3","9_1","9","1","2023-03-28","15:57:00","186","44","CTD"
"S2023-03","2023","3","9_2","9","2","2023-03-28","16:03:00","187","73","CTD"
"S2023-03","2023","3","9_3","9","3","2023-03-28","16:10:00","188","92","CTD"
"S2023-03","2023","3","9_4","9","4","2023-03-28","16:18:00","189","95","CTD"
"S2023-03","2023","3","9_5","9","5","2023-03-28","16:27:00","190","96","CTD"
"S2023-03","2023","3","9_6","9","6","2023-03-28","16:35:00","191","100","CTD"
"S2023-03","2023","3","9_8","9","8","2023-03-28","16:51:00","193","92","CTD"
"S2023-03","2023","3","9_9","9","9","2023-03-28","16:59:00","194","79","CTD"
"S2023-03","2023","3","9_10","9","10","2023-03-28","17:07:00","195","61","CTD"
"S2023-03","2023","3","9_7","9","7","2023-03-28","16:43:00","192","100","CTD"
"S2023-04","2023","4","AlongBay_1","AlongBay","1","2023-04-21","11:20:00","196","67","CTD"
"S2023-04","2023","4","AlongBay_2","AlongBay","2","2023-04-21","11:37:00","197","122","CTD"
"S2023-04","2023","4","AlongBay_3","AlongBay","3","2023-04-21","11:51:00","198","107","CTD"
"S2023-04","2023","4","AlongBay_3","AlongBay","3","2023-04-21","11:53:00","","105","Nutrients"
"S2023-04","2023","4","AlongBay_3","AlongBay","3","2023-04-21","11:56:00","","0","Phytoplankton"
"S2023-04","2023","4","AlongBay_4","AlongBay","4","2023-04-21","12:15:00","199","154","CTD"
"S2023-04","2023","4","AlongBay_5","AlongBay","5","2023-04-21","12:31:00","200","173","CTD"
"S2023-04","2023","4","AlongBay_6","AlongBay","6","2023-04-21","12:47:00","201","100","CTD"
"S2023-04","2023","4","AlongBay_7","AlongBay","7","2023-04-21","13:08:00","202","146","CTD"
"S2023-04","2023","4","AlongBay_8","AlongBay","8","2023-04-21","13:21:00","203","81","CTD"
"S2023-04","2023","4","AlongBay_9","AlongBay","9","2023-04-21","13:31:00","204","67","CTD"
"S2023-04","2023","4","AlongBay_10","AlongBay","10","2023-04-21","13:47:00","205","64","CTD"
"S2023-04","2023","4","AlongBay_11","AlongBay","11","2023-04-21","14:05:00","206","56","CTD"
"S2023-04","2023","4","AlongBay_12","AlongBay","12","2023-04-21","14:15:00","207","80","CTD"
"S2023-04","2023","4","AlongBay_13","AlongBay","13","2023-04-21","14:27:00","208","30","CTD"
"S2023-04","2023","4","9_1","9","1","2023-04-22","10:26:00","209","50","CTD"
"S2023-04","2023","4","9_1","9","1","2023-04-22","10:35:00","1","54","CTD"
"S2023-04","2023","4","9_2","9","2","2023-04-22","10:42:00","2","72","CTD"
"S2023-04","2023","4","9_3","9","3","2023-04-22","10:49:00","3","90","CTD"
"S2023-04","2023","4","9_4","9","4","2023-04-22","10:58:00","4","92","CTD"
"S2023-04","2023","4","9_5","9","5","2023-04-22","11:07:00","5","93","CTD"
"S2023-04","2023","4","9_6","9","6","2023-04-22","11:15:00","6","98","CTD"
"S2023-04","2023","4","9_7","9","7","2023-04-22","11:24:00","7","97","CTD"
"S2023-04","2023","4","9_8","9","8","2023-04-22","11:33:00","8","90","CTD"
"S2023-04","2023","4","9_9","9","9","2023-04-22","11:41:00","9","78","CTD"
"S2023-04","2023","4","9_10","9","10","2023-04-22","11:49:00","10","60","CTD"
"S2023-04","2023","4","9_10","9","10","2023-04-22","11:56:00","210","70","CTD"
"S2023-05","2023","5","AlongBay_13","AlongBay","13","2023-05-12","11:30:00","02","28","CTD"
"S2023-05","2023","5","AlongBay_12","AlongBay","12","2023-05-12","11:41:00","03","76.6","CTD"
"S2023-05","2023","5","AlongBay_11","AlongBay","11","2023-05-12","11:52:00","04","55","CTD"
"S2023-05","2023","5","AlongBay_10","AlongBay","10","2023-05-12","12:02:00","05","62","CTD"
"S2023-05","2023","5","AlongBay_10","AlongBay","10","2023-05-12","12:05:00","","60","Nutrients"
"S2023-05","2023","5","AlongBay_10","AlongBay","10","2023-05-12","12:05:00","","surface","Phytoplankton"
"S2023-05","2023","5","AlongBay_9","AlongBay","9","2023-05-12","12:18:00","06","68","CTD"
"S2023-05","2023","5","AlongBay_8","AlongBay","8","2023-05-12","12:27:00","07","85","CTD"
"S2023-05","2023","5","AlongBay_7","AlongBay","7","2023-05-12","12:38:00","08","146","CTD"
"S2023-05","2023","5","AlongBay_6","AlongBay","6","2023-05-12","12:50:00","09","100","CTD"
"S2023-05","2023","5","AlongBay_6","AlongBay","6","2023-05-12","12:52:00","","95","Nutrients"
"S2023-05","2023","5","AlongBay_6","AlongBay","6","2023-05-12","15:52:00","","0","Phytoplankton"
"S2023-05","2023","5","AlongBay_5","AlongBay","5","2023-05-12","13:12:00","10","173","CTD"
"S2023-05","2023","5","AlongBay_4","AlongBay","4","2023-05-12","13:27:00","11","153","CTD"
"S2023-05","2023","5","AlongBay_3","AlongBay","3","2023-05-12","13:46:00","12","107","CTD"
"S2023-05","2023","5","AlongBay_3","AlongBay","3","2023-05-12","13:48:00","","","Nutrients"
"S2023-05","2023","5","AlongBay_3","AlongBay","3","2023-05-12","13:48:00","","","Phytoplankton"
"S2023-05","2023","5","AlongBay_2","AlongBay","2","2023-05-12","14:04:00","13","122","CTD"
"S2023-05","2023","5","AlongBay_1","AlongBay","1","2023-05-12","14:28:00","14","71","CTD"
"S2023-05","2023","5","AlongBay_POGI","AlongBay","POGI","2023-05-12","14:51:00","15","93","CTD"
"S2023-05","2023","5","AlongBay_PTGR","AlongBay","PTGR","2023-05-12","15:09:00","16","61","CTD"
"S2023-05","2023","5","7_22","7","22","2023-05-12","15:29:00","17","74","CTD"
"S2023-05","2023","5","6_3","6","3","2023-05-12","15:56:00","18","106","CTD"
"S2023-05","2023","5","4_10","4","10","2023-05-13","10:35:00","19","18","CTD"
"S2023-05","2023","5","4_10","4","10","2023-05-13","10:38:00","20","18","CTD"
"S2023-05","2023","5","4_9","4","9","2023-05-13","10:44:00","21","28","CTD"
"S2023-05","2023","5","4_8","4","8","2023-05-13","10:53:00","22","30","CTD"
"S2023-05","2023","5","4_7","4","7","2023-05-13","11:02:00","23","37","CTD"
"S2023-05","2023","5","4_6","4","6","2023-05-13","11:11:00","24","64","CTD"
"S2023-05","2023","5","4_5","4","5","2023-05-13","11:22:00","25","80.5","CTD"
"S2023-05","2023","5","4_4","4","4","2023-05-13","11:33:00","26","89","CTD"
"S2023-05","2023","5","4_3","4","3","2023-05-13","11:43:00","27","110","CTD"
"S2023-05","2023","5","4_2","4","2","2023-05-13","11:54:00","28","99","CTD"
"S2023-05","2023","5","4_1","4","1","2023-05-13","12:04:00","29","19","CTD"
"S2023-05","2023","5","9_1","9","1","2023-05-13","12:38:00","30","65","CTD"
"S2023-05","2023","5","9_2","9","2","2023-05-13","12:44:00","31","77","CTD"
"S2023-05","2023","5","9_3","9","3","2023-05-13","12:51:00","32","93","CTD"
"S2023-05","2023","5","9_4","9","4","2023-05-13","12:58:00","33","95","CTD"
"S2023-05","2023","5","9_5","9","5","2023-05-13","13:06:00","34","98","CTD"
"S2023-05","2023","5","9_6","9","6","2023-05-13","13:14:00","35","101","CTD"
"S2023-05","2023","5","9_7","9","7","2023-05-13","13:21:00","36","100","CTD"
"S2023-05","2023","5","9_8","9","8","2023-05-13","13:28:00","37","93","CTD"
"S2023-05","2023","5","9_9","9","9","2023-05-13","13:36:00","38","80","CTD"
"S2023-05","2023","5","9_10","9","10","2023-05-13","13:42:00","39","61","CTD"
"S2023-06","2023","6","AlongBay_13","AlongBay","13","2023-06-23","11:22:00","40","26","CTD"
"S2023-06","2023","6","AlongBay_12","AlongBay","12","2023-06-23","11:35:00","41","76","CTD"
"S2023-06","2023","6","AlongBay_11","AlongBay","11","2023-06-23","11:46:00","42","52","CTD"
"S2023-06","2023","6","AlongBay_10","AlongBay","10","2023-06-23","11:59:00","43","60","CTD"
"S2023-06","2023","6","AlongBay_9","AlongBay","9","2023-06-23","12:15:00","44","65","CTD"
"S2023-06","2023","6","AlongBay_8","AlongBay","8","2023-06-23","12:26:00","45","78","CTD"
"S2023-06","2023","6","AlongBay_7","AlongBay","7","2023-06-23","12:39:00","46","144","CTD"
"S2023-06","2023","6","AlongBay_6","AlongBay","6","2023-06-23","12:51:00","47","99","CTD"
"S2023-06","2023","6","AlongBay_5","AlongBay","5","2023-06-23","13:12:00","48","172","CTD"
"S2023-06","2023","6","AlongBay_4","AlongBay","4","2023-06-23","13:28:00","49","153","CTD"
"S2023-06","2023","6","AlongBay_3","AlongBay","3","2023-06-23","13:48:00","50","107","CTD"
"S2023-06","2023","6","AlongBay_2","AlongBay","2","2023-06-23","14:05:00","51","121","CTD"
"S2023-06","2023","6","AlongBay_1","AlongBay","1","2023-06-23","14:27:00","52","71","CTD"
"S2023-06","2023","6","9_1","9","1","2023-06-23","15:13:00","53","62","CTD"
"S2023-06","2023","6","9_2","9","2","2023-06-23","15:20:00","54","","CTD"
"S2023-06","2023","6","9_3","9","3","2023-06-23","15:27:00","55","93","CTD"
"S2023-06","2023","6","9_4","9","4","2023-06-23","15:33:00","56","95","CTD"
"S2023-06","2023","6","9_5","9","5","2023-06-23","15:41:00","57","97","CTD"
"S2023-06","2023","6","9_6","9","6","2023-06-23","15:48:00","58","101","CTD"
"S2023-06","2023","6","9_7","9","7","2023-06-23","15:55:00","59","100","CTD"
"S2023-06","2023","6","9_8","9","8","2023-06-23","16:02:00","60","93","CTD"
"S2023-06","2023","6","9_9","9","9","2023-06-23","16:10:00","61","80","CTD"
"S2023-06","2023","6","9_10","9","10","2023-06-23","16:17:00","62","61","CTD"
"S2023-07","2023","7","6_2","6","2","2023-07-24","11:14:00","111","50","CTD"
"S2023-07","2023","7","7_21","7","21","2023-07-24","11:55:00","112","75","CTD"
"S2023-07","2023","7","AlongBay_PTGR","AlongBay","PTGR","2023-07-24","12:22:00","113","66","CTD"
"S2023-07","2023","7","AlongBay_POGI","AlongBay","POGI","2023-07-24","12:37:00","114","104","CTD"
"S2023-07","2023","7","AlongBay_1","AlongBay","1","2023-07-24","12:56:00","115","73","CTD"
"S2023-07","2023","7","AlongBay_2","AlongBay","2","2023-07-24","13:15:00","116","125","CTD"
"S2023-07","2023","7","AlongBay_3","AlongBay","3","2023-07-24","13:30:00","117","109","CTD"
"S2023-07","2023","7","AlongBay_4","AlongBay","4","2023-07-24","13:48:00","118","155","CTD"
"S2023-07","2023","7","AlongBay_5","AlongBay","5","2023-07-24","14:04:00","119","171","CTD"
"S2023-07","2023","7","AlongBay_6","AlongBay","6","2023-07-24","14:21:00","120","101","CTD"
"S2023-07","2023","7","AlongBay_6","AlongBay","6","2023-07-24","14:22:00","","90","Nutrients"
"S2023-07","2023","7","AlongBay_7","AlongBay","7","2023-07-24","14:41:00","121","144","CTD"
"S2023-07","2023","7","AlongBay_8","AlongBay","8","2023-07-24","14:55:00","122","85","CTD"
"S2023-07","2023","7","AlongBay_9","AlongBay","9","2023-07-24","15:05:00","123","69","CTD"
"S2023-07","2023","7","AlongBay_10","AlongBay","10","2023-07-24","15:16:00","124","65","CTD"
"S2023-07","2023","7","AlongBay_10","AlongBay","10","2023-07-24","15:18:00","","0","Phytoplankton"
"S2023-07","2023","7","AlongBay_10","AlongBay","10","2023-07-24","15:20:00","","60","Nutrients"
"S2023-07","2023","7","AlongBay_11","AlongBay","11","2023-07-24","15:32:00","125","54.3","CTD"
"S2023-07","2023","7","AlongBay_12","AlongBay","12","2023-07-24","15:42:00","126","77","CTD"
"S2023-07","2023","7","AlongBay_13","AlongBay","13","2023-07-24","15:54:00","127","26.4","CTD"
"S2023-07","2023","7","4_10","4","10","2023-07-25","09:49:00","128","0","CTD"
"S2023-07","2023","7","4_10","4","10","2023-07-25","09:51:00","129","18","CTD"
"S2023-07","2023","7","4_9","4","9","2023-07-25","09:59:00","130","27","CTD"
"S2023-07","2023","7","4_8","4","8","2023-07-25","10:06:00","131","29.5","CTD"
"S2023-07","2023","7","4_7","4","7","2023-07-25","10:12:00","132","37","CTD"
"S2023-07","2023","7","4_6","4","6","2023-07-25","10:19:00","133","62","CTD"
"S2023-07","2023","7","4_5","4","5","2023-07-25","10:27:00","134","79","CTD"
"S2023-07","2023","7","4_4","4","4","2023-07-25","10:35:00","135","88","CTD"
"S2023-07","2023","7","4_3","4","3","2023-07-25","10:43:00","136","108","CTD"
"S2023-07","2023","7","4_3","4","3","2023-07-25","10:50:00","","100","Nutrients"
"S2023-07","2023","7","4_3","4","3","2023-07-25","10:45:00","","0","Phytoplankton"
"S2023-07","2023","7","4_2","4","2","2023-07-25","10:58:00","137","102","CTD"
"S2023-07","2023","7","4_1","4","1","2023-07-25","11:07:00","138","20","CTD"
"S2023-07","2023","7","9_1","9","1","2023-07-25","11:35:00","139","51","CTD"
"S2023-07","2023","7","9_2","9","2","2023-07-25","11:42:00","140","72","CTD"
"S2023-07","2023","7","9_3","9","3","2023-07-25","11:49:00","141","96","CTD"
"S2023-07","2023","7","9_4","9","4","2023-07-25","11:56:00","142","94","CTD"
"S2023-07","2023","7","9_5","9","5","2023-07-25","12:05:00","143","96","CTD"
"S2023-07","2023","7","9_6","9","6","2023-07-25","12:13:00","144","100","CTD"
"S2023-07","2023","7","9_7","9","7","2023-07-25","12:21:00","145","99","CTD"
"S2023-07","2023","7","9_8","9","8","2023-07-25","12:29:00","146","151","CTD"
"S2023-07","2023","7","9_9","9","9","2023-07-25","12:37:00","147","81","CTD"
"S2023-07","2023","7","9_10","9","10","2023-07-25","12:46:00","148","62","CTD"
"S2023-08","2023","8","AlongBay_1","AlongBay","1","2023-08-22","09:26:08","149","71.9","CTD"
"S2023-08","2023","8","AlongBay_2","AlongBay","2","2023-08-22","09:48:37","150","122","CTD"
"S2023-08","2023","8","AlongBay_3","AlongBay","3","2023-08-22","10:03:36","151","107","CTD"
"S2023-08","2023","8","AlongBay_3","AlongBay","3","2023-08-22","10:10:00","","","Nutrients "
"S2023-08","2023","8","AlongBay_4","AlongBay","4","2023-08-22","10:32:32","152","153","CTD"
"S2023-08","2023","8","AlongBay_5","AlongBay","5","2023-08-22","10:47:40","153","170","CTD"
"S2023-08","2023","8","AlongBay_6","AlongBay","6","2023-08-22","11:04:12","154","99","CTD"
"S2023-08","2023","8","AlongBay_6","AlongBay","6","2023-08-22","","","","Nutrients "
"S2023-08","2023","8","AlongBay_7","AlongBay","7","2023-08-22","11:19:42","155","144","CTD"
"S2023-08","2023","8","AlongBay_8","AlongBay","8","2023-08-22","11:33:40","156","79","CTD"
"S2023-08","2023","8","AlongBay_9","AlongBay","9","2023-08-22","11:44:33","157","65","CTD"
"S2023-08","2023","8","AlongBay_10","AlongBay","10","2023-08-22","11:55:31","158","62","CTD"
"S2023-08","2023","8","AlongBay_11","AlongBay","11","2023-08-22","12:10:53","159","53","CTD"
"S2023-08","2023","8","AlongBay_12","AlongBay","12","2023-08-22","12:21:01","160","76","CTD"
"S2023-08","2023","8","AlongBay_13","AlongBay","13","2023-08-22","12:32:32","161","24","CTD"
"S2023-08","2023","8","9_1","9","1","2023-08-22","13:11:50","162","41","CTD"
"S2023-08","2023","8","9_2","9","2","2023-08-22","13:23:59","163","71","CTD"
"S2023-08","2023","8","9_3","9","3","2023-08-22","13:31:12","164","90","CTD"
"S2023-08","2023","8","9_4","9","4","2023-08-22","13:38:31","165","93","CTD"
"S2023-08","2023","8","9_5","9","5","2023-08-22","13:46:02","166","95","CTD"
"S2023-08","2023","8","9_6","9","6","2023-08-22","13:54:18","167","99","CTD"
"S2023-08","2023","8","9_7","9","7","2023-08-22","14:03:06","168","99","CTD"
"S2023-08","2023","8","9_8","9","8","2023-08-22","14:12:11","169","93","CTD"
"S2023-08","2023","8","9_9","9","9","2023-08-22","14:19:58","170","82","CTD"
"S2023-08","2023","8","9_10","9","10","2023-08-22","14:28:58","171","62","CTD"
"S2023-09","2023","9","6_2","6","2","2023-09-13","11:57:00","172","50","CTD"
"S2023-09","2023","9","6_2","6","2","2023-09-13","11:58:00","","0","Phytoplankton"
"S2023-09","2023","9","6_2","6","2","2023-09-13","11:59:00","","42","Chlorophyll"
"S2023-09","2023","9","7_22","7","22","2023-09-13","12:39:00","173","76","CTD"
"S2023-09","2023","9","AlongBay_PGRM","AlongBay","PGRM","2023-09-13","12:57:00","174","70","CTD"
"S2023-09","2023","9","AlongBay_POGI","AlongBay","POGI","2023-09-13","13:13:00","175","105","CTD"
"S2023-09","2023","9","AlongBay_1","AlongBay","1","2023-09-13","13:32:00","176","73","CTD"
"S2023-09","2023","9","AlongBay_2","AlongBay","2","2023-09-13","13:50:00","177","123","CTD"
"S2023-09","2023","9","AlongBay_3","AlongBay","3","2023-09-13","14:05:00","178","110","CTD"
"S2023-09","2023","9","AlongBay_3","AlongBay","3","2023-09-13","14:06:00","","100","Chlorophyll"
"S2023-09","2023","9","AlongBay_4","AlongBay","4","2023-09-13","14:28:00","179","1","CTD"
"S2023-09","2023","9","AlongBay_5","AlongBay","5","2023-09-13","14:42:00","180","175","CTD"
"S2023-09","2023","9","AlongBay_6","AlongBay","6","2023-09-13","14:58:00","181","103","CTD"
"S2023-09","2023","9","AlongBay_6","AlongBay","6","2023-09-13","14:59:00","","95","Phytoplankton"
"S2023-09","2023","9","AlongBay_6","AlongBay","6","2023-09-13","14:59:00","","","Chlorophyll"
"S2023-09","2023","9","AlongBay_7","AlongBay","7","2023-09-13","15:15:00","182","147","CTD"
"S2023-09","2023","9","AlongBay_8","AlongBay","8","2023-09-13","15:30:00","183","82","CTD"
"S2023-09","2023","9","AlongBay_9","AlongBay","9","2023-09-13","15:40:00","184","69","CTD"
"S2023-09","2023","9","AlongBay_10","AlongBay","10","2023-09-13","15:51:00","185","65","CTD"
"S2023-09","2023","9","AlongBay_10","AlongBay","10","2023-09-13","15:52:00","","60","Chlorophyll"
"S2023-09","2023","9","AlongBay_10","AlongBay","10","2023-09-13","15:52:00","","0","Phytoplankton"
"S2023-09","2023","9","AlongBay_11","AlongBay","11","2023-09-13","16:11:00","186","57","CTD"
"S2023-09","2023","9","AlongBay_12","AlongBay","12","2023-09-13","16:21:00","187","80","CTD"
"S2023-09","2023","9","AlongBay_13","AlongBay","13","2023-09-13","16:34:00","188","30","CTD"
"S2023-09","2023","9","4_10","4","10","2023-09-15","09:48:00","190","14.0","CTD"
"S2023-09","2023","9","4_9","4","9","2023-09-15","09:53:00","191","23.9","CTD"
"S2023-09","2023","9","4_8","4","8","2023-09-15","09:59:00","192","26","CTD"
"S2023-09","2023","9","4_7","4","7","2023-09-15","10:05:00","193","33","CTD"
"S2023-09","2023","9","4_6","4","6","2023-09-15","10:12:00","194","59","CTD"
"S2023-09","2023","9","4_5","4","5","2023-09-15","10:20:00","195","75.6","CTD"
"S2023-09","2023","9","4_4","4","4","2023-09-15","10:30:00","196","85.4","CTD"
"S2023-09","2023","9","4_3","4","3","2023-09-15","10:39:00","197","106","CTD"
"S2023-09","2023","9","4_2","4","2","2023-09-15","10:50:00","198","99.5","CTD"
"S2023-09","2023","9","4_1","4","1","2023-09-15","10:59:00","199","16.8","CTD"
"S2023-09","2023","9","9_1","9","1","2023-09-15","11:30:00","200","58.4","CTD"
"S2023-09","2023","9","9_2","9","2","2023-09-15","11:35:00","201","76.2","CTD"
"S2023-09","2023","9","9_3","9","3","2023-09-15","11:41:00","202","91.6","CTD"
"S2023-09","2023","9","9_4","9","4","2023-09-15","11:48:00","203","93","CTD"
"S2023-09","2023","9","9_5","9","5","2023-09-15","11:55:00","204","95.6","CTD"
"S2023-09","2023","9","9_6","9","6","2023-09-15","12:02:00","205","99.8","CTD"
"S2023-09","2023","9","9_7","9","7","2023-09-15","12:10:00","206","99.5","CTD"
"S2023-09","2023","9","9_8","9","8","2023-09-15","12:17:00","207","92.6","CTD"
"S2023-09","2023","9","9_9","9","9","2023-09-15","12:24:00","208","80","CTD"
"S2023-09","2023","9","9_10","9","10","2023-09-15","12:31:00","209","60.4","CTD"
"S2023-10","2023","10","AlongBay_1","AlongBay","1","2023-10-25","11:11:00","210","74","CTD"
"S2023-10","2023","10","AlongBay_2","AlongBay","2","2023-10-25","11:33:00","211","123","CTD"
"S2023-10","2023","10","AlongBay_3","AlongBay","3","2023-10-25","11:51:00","212","111","CTD"
"S2023-10","2023","10","AlongBay_4","AlongBay","4","2023-10-25","12:16:00","213","158","CTD"
"S2023-10","2023","10","AlongBay_5","AlongBay","5","2023-10-25","12:35:00","214","175","CTD"
"S2023-10","2023","10","AlongBay_6","AlongBay","6","2023-10-25","12:53:00","215","103","CTD"
"S2023-10","2023","10","AlongBay_7","AlongBay","7","2023-10-25","13:13:00","216","148","CTD"
"S2023-10","2023","10","AlongBay_8","AlongBay","8","2023-10-25","13:29:00","217","83","CTD"
"S2023-10","2023","10","AlongBay_9","AlongBay","9","2023-10-25","13:40:00","218","70","CTD"
"S2023-10","2023","10","AlongBay_10","AlongBay","10","2023-10-25","13:51:00","219","64","CTD"
"S2023-10","2023","10","AlongBay_11","AlongBay","11","2023-10-25","14:11:00","220","57","CTD"
"S2023-10","2023","10","AlongBay_12","AlongBay","12","2023-10-25","14:29:00","221","80","CTD"
"S2023-10","2023","10","AlongBay_13","AlongBay","13","2023-10-25","14:45:00","223","32","CTD"
"S2023-10","2023","10","9_1","9","1","2023-10-25","15:23:00","224","51","CTD"
"S2023-10","2023","10","9_2","9","2","2023-10-25","15:31:00","225","75","CTD"
"S2023-10","2023","10","9_3","9","3","2023-10-25","15:37:00","226","93","CTD"
"S2023-10","2023","10","9_4","9","4","2023-10-25","15:47:00","227","94","CTD"
"S2023-10","2023","10","9_5","9","5","2023-10-25","15:52:00","228","97","CTD"
"S2023-10","2023","10","9_6","9","6","2023-10-25","16:01:00","229","100","CTD"
"S2023-10","2023","10","9_7","9","7","2023-10-25","16:08:00","230","99","CTD"
"S2023-10","2023","10","9_8","9","8","2023-10-25","16:16:00","231","93","CTD"
"S2023-10","2023","10","9_9","9","9","2023-10-25","16:22:00","232","80","CTD"
"S2023-10","2023","10","9_10","9","10","2023-10-25","16:30:00","233","60","CTD"
"S2023-11","2023","11","AlongBay_2","AlongBay","2","2023-11-24","11:06:00","234","122","CTD"
"S2023-11","2023","11","AlongBay_3","AlongBay","3","2023-11-24","11:32:00","235","112","CTD"
"S2023-11","2023","11","AlongBay_4","AlongBay","4","2023-11-24","11:57:00","236","157","CTD"
"S2023-11","2023","11","AlongBay_5","AlongBay","5","2023-11-24","12:13:00","237","176","CTD"
"S2023-11","2023","11","AlongBay_6","AlongBay","6","2023-11-24","12:31:00","238","104","CTD"
"S2023-11","2023","11","AlongBay_7","AlongBay","7","2023-11-24","12:48:00","239","150","CTD"
"S2023-11","2023","11","AlongBay_8","AlongBay","8","2023-11-24","13:02:00","240","84","CTD"
"S2023-11","2023","11","AlongBay_9","AlongBay","9","2023-11-24","13:14:00","241","71","CTD"
"S2023-11","2023","11","AlongBay_10","AlongBay","10","2023-11-24","13:24:00","242","65","CTD"
"S2023-11","2023","11","AlongBay_11","AlongBay","11","2023-11-24","13:38:00","243","58","CTD"
"S2023-11","2023","11","9_1","9","1","2023-11-24","14:05:00","244","50","CTD"
"S2023-11","2023","11","9_2","9","2","2023-11-24","14:10:00","245","73","CTD"
"S2023-11","2023","11","9_3","9","3","2023-11-24","14:17:00","246","95","CTD"
"S2023-11","2023","11","9_4","9","4","2023-11-24","14:24:00","247","95","CTD"
"S2023-11","2023","11","9_5","9","5","2023-11-24","14:31:00","248","120","CTD"
"S2023-11","2023","11","9_6","9","6","2023-11-24","14:38:00","249","105","CTD"
"S2023-11","2023","11","9_7","9","7","2023-11-24","14:44:00","250","102","CTD"
"S2023-11","2023","11","9_8","9","8","2023-11-24","14:52:00","251","94","CTD"
"S2023-11","2023","11","9_9","9","9","2023-11-24","15:00:00","252","83","CTD"
"S2023-11","2023","11","9_10","9","10","2023-11-24","15:06:00","253","62","CTD"
"S2023-12","2023","12","AlongBay_13","AlongBay","13","2023-12-15","10:53:05","1","27","CTD"
"S2023-12","2023","12","AlongBay_12","AlongBay","12","2023-12-15","11:06:24","2","77","CTD"
"S2023-12","2023","12","AlongBay_11","AlongBay","11","2023-12-15","11:15:51","3","55","CTD"
"S2023-12","2023","12","AlongBay_10","AlongBay","10","2023-12-15","11:30:39","4","62","CTD"
"S2023-12","2023","12","AlongBay_10","AlongBay","10","2023-12-15","11:36:09","","0","Chl"
"S2023-12","2023","12","AlongBay_10","AlongBay","10","2023-12-15","11:35:00","","20","Chl"
"S2023-12","2023","12","AlongBay_9","AlongBay","9","2023-12-15","11:40:47","5","67","CTD"
"S2023-12","2023","12","AlongBay_8","AlongBay","8","2023-12-15","11:51:53","6","84","CTD"
"S2023-12","2023","12","AlongBay_7","AlongBay","7","2023-12-15","12:06:38","7","146","CTD"
"S2023-12","2023","12","AlongBay_6","AlongBay","6","2023-12-15","12:36:26","8","102","CTD"
"S2023-12","2023","12","AlongBay_6","AlongBay","6","2023-12-15","12:37:08","","20","Chl"
"S2023-12","2023","12","AlongBay_5","AlongBay","5","2023-12-15","12:47:52","9","175","CTD"
"S2023-12","2023","12","AlongBay_4","AlongBay","4","2023-12-15","13:06:12","10","156","CTD"
"S2023-12","2023","12","AlongBay_3","AlongBay","3","2023-12-15","13:24:02","11","111","CTD"
"S2023-12","2023","12","AlongBay_3","AlongBay","3","2023-12-15","13:25:40","","0","Chl"
"S2023-12","2023","12","AlongBay_3","AlongBay","3","2023-12-15","13:32:05","","20","Chl"
"S2023-12","2023","12","AlongBay_2","AlongBay","2","2023-12-15","13:41:13","12","126","CTD"
"S2023-12","2023","12","AlongBay_1","AlongBay","1","2023-12-15","14:07:49","13","74","CTD"
"S2023-12","2023","12","9_1","9","1","2023-12-15","14:56:44","14","48","CTD"
"S2023-12","2023","12","9_2","9","2","2023-12-15","15:02:26","15","80","CTD"
"S2023-12","2023","12","9_3","9","3","2023-12-15","15:09:57","16","98","CTD"
"S2023-12","2023","12","9_4","9","4","2023-12-15","15:15:12","17","99","CTD"
"S2023-12","2023","12","9_8","9","8","2023-12-15","15:21:58","18","101","CTD"
"S2023-12","2023","12","9_6","9","6","2023-12-15","15:30:14","19","105","CTD"
"S2023-12","2023","12","9_7","9","7","2023-12-15","15:37:36","20","103","CTD"
"S2023-12","2023","12","9_8","9","8","2023-12-15","15:43:03","21","98","CTD"
"S2023-12","2023","12","9_9","9","9","2023-12-15","15:51:26","22","85","CTD"
"S2023-12","2023","12","9_10","9","10","2023-12-15","15:59:38","23","65","CTD"
"S2023-12","2023","12","AlongBay_6","AlongBay","6","2023-12-15","12:36:00","","0","Chl"
"S2024-01","2024","1","AlongBay_1","AlongBay","1","2024-01-19","10:48:32","24","74","CTD"
"S2024-01","2024","1","AlongBay_2","AlongBay","2","2024-01-19","11:08:55","25","125","CTD"
"S2024-01","2024","1","AlongBay_2","AlongBay","2","2024-01-19","","","",""
"S2024-01","2024","1","AlongBay_3","AlongBay","3","2024-01-19","11:26:32","26","110","CTD"
"S2024-01","2024","1","AlongBay_4","AlongBay","4","2024-01-19","11:45:30","27","156","CTD"
"S2024-01","2024","1","AlongBay_5","AlongBay","5","2024-01-19","12:01:39","28","174","CTD"
"S2024-01","2024","1","AlongBay_6","AlongBay","6","2024-01-19","12:23:00","29","101","CTD"
"S2024-01","2024","1","AlongBay_7","AlongBay","7","2024-01-19","12:35:03","30","146","CTD"
"S2024-01","2024","1","AlongBay_8","AlongBay","8","2024-01-19","12:51:57","31","81","CTD"
"S2024-01","2024","1","AlongBay_9","AlongBay","9","2024-01-19","13:07:00","32","67","CTD"
"S2024-01","2024","1","AlongBay_10","AlongBay","10","2024-01-19","13:17:30","33","63","CTD"
"S2024-01","2024","1","AlongBay_11","AlongBay","11","2024-01-19","13:33:00","34","54","CTD"
"S2024-01","2024","1","AlongBay_12","AlongBay","12","2024-01-19","13:44:00","35","77","CTD"
"S2024-01","2024","1","AlongBay_13","AlongBay","13","2024-01-19","13:58:00","36","26","CTD"
"S2024-01","2024","1","9_1","9","1","2024-01-19","14:34:28","37","58","CTD"
"S2024-01","2024","1","9_2","9","2","2024-01-19","14:40:50","38","73","CTD"
"S2024-01","2024","1","9_3","9","3","2024-01-19","14:46:27","39","92","CTD"
"S2024-01","2024","1","9_4","9","4","2024-01-19","14:54:05","40","93","CTD"
"S2024-01","2024","1","9_5","9","5","2024-01-19","15:02:17","41","95","CTD"
"S2024-01","2024","1","9_6","9","6","2024-01-19","15:09:43","42","100","CTD"
"S2024-01","2024","1","9_7","9","7","2024-01-19","15:16:51","43","99","CTD"
"S2024-01","2024","1","9_8","9","8","2024-01-19","15:24:36","44","93","CTD"
"S2024-01","2024","1","9_9","9","9","2024-01-19","15:33:01","45","79","CTD"
"S2024-01","2024","1","9_10","9","10","2024-01-19","15:39:40","46","60","CTD"
"S2024-03","2024","3","4_10","4","10","2024-03-06","09:41:52","47","20","CTD"
"S2024-03","2024","3","4_9","4","9","2024-03-06","09:47:29","48","28","CTD"
"S2024-03","2024","3","4_8","4","8","2024-03-06","09:54:11","49","31","CTD"
"S2024-03","2024","3","4_7","4","7","2024-03-06","10:02:04","50","38","CTD"
"S2024-03","2024","3","4_6","4","6","2024-03-06","10:08:44","51","66","CTD"
"S2024-03","2024","3","4_5","4","5","2024-03-06","10:16:50","52","82","CTD"
"S2024-03","2024","3","4_4","4","4","2024-03-06","10:26:20","53","112","CTD"
"S2024-03","2024","3","4_3","4","3","2024-03-06","10:35:16","54","112","CTD"
"S2024-03","2024","3","4_2","4","2","2024-03-06","10:46:05","55","104","CTD"
"S2024-03","2024","3","4_1","4","1","2024-03-06","11:00:00","56","20","CTD"
"S2024-03","2024","3","9_1","9","1","2024-03-06","11:28:24","57","61","CTD"
"S2024-03","2024","3","9_2","9","2","2024-03-06","11:35:16","58","80","CTD"
"S2024-03","2024","3","9_3","9","3","2024-03-06","11:41:56","59","96","CTD"
"S2024-03","2024","3","9_4","9","4","2024-03-06","11:48:37","60","98","CTD"
"S2024-03","2024","3","9_5","9","5","2024-03-06","11:55:02","61","99","CTD"
"S2024-03","2024","3","9_6","9","6","2024-03-06","12:03:03","62","104","CTD"
"S2024-03","2024","3","9_7","9","7","2024-03-06","12:10:28","63","103","CTD"
"S2024-03","2024","3","9_8","9","8","2024-03-06","12:17:41","64","96","CTD"
"S2024-03","2024","3","9_10","9","10","2024-03-06","12:32:36","66","","CTD"
"S2024-03","2024","3","AlongBay_PGRM","AlongBay","PGRM","2024-03-07","11:55:00","69","","CTD"
"S2024-03","2024","3","AlongBay_POGI","AlongBay","POGI","2024-03-07","12:27:32","70","","CTD"
"S2024-03","2024","3","AlongBay_POGI","AlongBay","POGI","2024-03-07","","","20","Chl"
"S2024-03","2024","3","AlongBay_POGI","AlongBay","POGI","2024-03-07","","","0","Phyto"
"S2024-03","2024","3","AlongBay_1","AlongBay","1","2024-03-07","13:04:02","71","75","CTD"
"S2024-03","2024","3","AlongBay_2","AlongBay","2","2024-03-07","13:21:46","72","126","CTD"
"S2024-03","2024","3","AlongBay_4","AlongBay","4","2024-03-07","13:57:51","74","158","CTD"
"S2024-03","2024","3","AlongBay_3","AlongBay","3","2024-03-07","13:36:00","73","","CTD"
"S2024-03","2024","3","AlongBay_3","AlongBay","3","2024-03-07","","","20","Chl"
"S2024-03","2024","3","AlongBay_3","AlongBay","3","2024-03-07","","","","Phytoplankton"
"S2024-03","2024","3","AlongBay_5","AlongBay","5","2024-03-07","14:11:49","75","177","CTD"
"S2024-03","2024","3","AlongBay_6","AlongBay","6","2024-03-07","14:29:24","76","103","CTD"
"S2024-03","2024","3","AlongBay_6","AlongBay","6","2024-03-07","14:29:39","","0","Phyto"
"S2024-03","2024","3","AlongBay_6","AlongBay","6","2024-03-07","14:34:00","","20","Chl"
"S2024-03","2024","3","AlongBay_7","AlongBay","7","2024-03-07","14:40:04","77","149","CTD"
"S2024-03","2024","3","AlongBay_8","AlongBay","8","2024-03-07","14:59:20","79","82","CTD"
"S2024-03","2024","3","AlongBay_9","AlongBay","9","2024-03-07","15:10:59","80","68","CTD"
"S2024-03","2024","3","AlongBay_10","AlongBay","10","2024-03-07","15:19:01","81","","CTD"
"S2024-03","2024","3","AlongBay_11","AlongBay","11","2024-03-07","15:35:15","82","55","CTD"
"S2024-03","2024","3","AlongBay_12","AlongBay","12","2024-03-07","15:42:03","83","","CTD"
"S2024-03","2024","3","AlongBay_13","AlongBay","13","2024-03-07","15:53:20","84","26","CTD"
"S2024-03","2024","3","9_9","9","9","2024-03-06","12:25:00","65","83","CTD"
"S2024-04","2024","4","6_2","6","2","2024-04-03","11:08:29","1","52","CTD"
"S2024-04","2024","4","6_2","6","2","2024-04-03","11:13:56","","20","Water grab Niskin"
"S2024-04","2024","4","6_2","6","2","2024-04-03","11:10:00","","1","Phytoplankton "
"S2024-04","2024","4","7_22","7","22","2024-04-03","11:36:59","2","83","CTD"
"S2024-04","2024","4","AlongBay_PGRM","AlongBay","PGRM","2024-04-03","11:57:47","3","68","CTD"
"S2024-04","2024","4","AlongBay_Pogi","AlongBay","Pogi","2024-04-03","12:11:48","4","96","CTD"
"S2024-04","2024","4","AlongBay_1","AlongBay","1","2024-04-03","12:28:51","5","74","CTD"
"S2024-04","2024","4","AlongBay_2","AlongBay","2","2024-04-03","12:47:25","6","122","CTD"
"S2024-04","2024","4","AlongBay_3","AlongBay","3","2024-04-03","13:02:33","7","109","CTD"
"S2024-04","2024","4","AlongBay_3","AlongBay","3","2024-04-03","13:06:53","","1","Phytoplankton"
"S2024-04","2024","4","AlongBay_3","AlongBay","3","2024-04-03","13:08:00","","20","Water grab Niskin"
"S2024-04","2024","4","AlongBay_4","AlongBay","4","2024-04-03","13:23:11","8","160","CTD"
"S2024-04","2024","4","AlongBay_5","AlongBay","5","2024-04-03","13:38:39","9","174","CTD"
"S2024-04","2024","4","AlongBay_6","AlongBay","6","2024-04-03","13:55:06","10","101","CTD"
"S2024-04","2024","4","AlongBay_6","AlongBay","6","2024-04-03","13:57:00","","1","Phytoplankton"
"S2024-04","2024","4","AlongBay_6","AlongBay","6","2024-04-03","14:00:44","","20","Water grab Niskin"
"S2024-04","2024","4","AlongBay_7","AlongBay","7","2024-04-03","14:07:36","11","146","CTD"
"S2024-04","2024","4","AlongBay_8","AlongBay","8","2024-04-03","14:20:56","12","80","CTD"
"S2024-04","2024","4","AlongBay_9","AlongBay","9","2024-04-03","14:30:47","13","66","CTD"
"S2024-04","2024","4","AlongBay_10","AlongBay","10","2024-04-03","14:40:44","14","63","CTD"
"S2024-04","2024","4","AlongBay_10","AlongBay","10","2024-04-03","14:41:11","","1","Phytoplankton"
"S2024-04","2024","4","AlongBay_10","AlongBay","10","2024-04-03","14:43:43","","20","Water grab Niskin"
"S2024-04","2024","4","AlongBay_11","AlongBay","11","2024-04-03","14:54:22","15","54","CTD"
"S2024-04","2024","4","AlongBay_12","AlongBay","12","2024-04-03","15:03:51","16","77","CTD"
"S2024-04","2024","4","AlongBay_13","AlongBay","13","2024-04-03","15:15:00","17","26","CTD"
"S2024-04","2024","4","4_10","4","10","2024-04-04","09:50:51","18","19","CTD"
"S2024-04","2024","4","4_9","4","9","2024-04-04","09:55:19","19","27","CTD"
"S2024-04","2024","4","4_8","4","8","2024-04-04","10:01:52","20","30","CTD"
"S2024-04","2024","4","4_7","4","7","2024-04-04","10:08:34","21","37","CTD"
"S2024-04","2024","4","4_6","4","6","2024-04-04","10:14:23","22","63","CTD"
"S2024-04","2024","4","4_5","4","5","2024-04-04","10:22:34","23","80","CTD"
"S2024-04","2024","4","4_4","4","4","2024-04-04","10:30:51","24","90","CTD"
"S2024-04","2024","4","4_3","4","3","2024-04-04","10:39:21","25","111","CTD"
"S2024-04","2024","4","4_2","4","2","2024-04-04","10:48:10","26","105","CTD"
"S2024-04","2024","4","4_1","4","1","2024-04-04","10:58:01","27","20","CTD"
"S2024-04","2024","4","9_1","9","1","2024-04-04","11:25:59","28","50","CTD"
"S2024-04","2024","4","9_2","9","2","2024-04-04","11:32:25","29","84","CTD"
"S2024-04","2024","4","9_3","9","3","2024-04-04","11:40:08","30","96","CTD"
"S2024-04","2024","4","9_4","9","4","2024-04-04","11:46:12","31","97","CTD"
"S2024-04","2024","4","9_5","9","5","2024-04-04","11:56:06","32","100","CTD"
"S2024-04","2024","4","9_6","9","6","2024-04-04","12:03:34","33","103","CTD"
"S2024-04","2024","4","9_7","9","7","2024-04-04","12:28:00","34","103","CTD"
"S2024-04","2024","4","9_6","9","6","2024-04-04","12:15:00","","103","Zooplankton"
"S2024-04","2024","4","9_8","9","8","2024-04-04","12:32:35","35","95","CTD"
"S2024-04","2024","4","9_9","9","9","2024-04-04","12:41:05","36","85","CTD"
"S2024-04","2024","4","9_10","9","10","2024-04-04","12:45:41","37","63","CTD"
"S2024-05","2024","5","AlongBay_2","AlongBay","2","2024-05-14","09:50:25","1","123","CTD"
"S2024-05","2024","5","AlongBay_2","AlongBay","2","2024-05-14","10:03:46","38","125","CTD"
"S2024-05","2024","5","AlongBay_3","AlongBay","3","2024-05-14","10:19:44","39","109","CTD"
"S2024-05","2024","5","AlongBay_3","AlongBay","3","2024-05-14","10:30:00","","20","Chl"
"S2024-05","2024","5","AlongBay_3","AlongBay","3","2024-05-14","10:15:00","","0","Phyto"
"S2024-05","2024","5","AlongBay_4","AlongBay","4","2024-05-14","10:47:40","40","155","CTD"
"S2024-05","2024","5","AlongBay_5","AlongBay","5","2024-05-14","11:02:47","41","172","CTD"
"S2024-05","2024","5","AlongBay_5","AlongBay","5","2024-05-14","11:15:00","","100","Zoop"
"S2024-05","2024","5","AlongBay_5","AlongBay","5","2024-05-14","11:21:00","2","155","CTD"
"S2024-05","2024","5","AlongBay_6","AlongBay","6","2024-05-14","11:41:06","42","100","CTD"
"S2024-05","2024","5","AlongBay_7","AlongBay","7","2024-05-14","11:56:18","43","145","CTD"
"S2024-05","2024","5","AlongBay_8","AlongBay","8","2024-05-14","12:12:01","44","79","CTD"
"S2024-05","2024","5","AlongBay_9","AlongBay","9","2024-05-14","12:22:22","45","66","CTD"
"S2024-05","2024","5","AlongBay_10","AlongBay","10","2024-05-14","12:31:59","46","62","CTD"
"S2024-05","2024","5","AlongBay_10","AlongBay","10","2024-05-14","12:42:22","","0","Phytoplankton "
"S2024-05","2024","5","AlongBay_10","AlongBay","10","2024-05-14","12:42:43","","20","Chlorophyll "
"S2024-05","2024","5","AlongBay_11","AlongBay","11","2024-05-14","12:48:44","47","53","CTD"
"S2024-05","2024","5","AlongBay_12","AlongBay","12","2024-05-14","12:58:50","48","76","CTD"
"S2024-05","2024","5","AlongBay_13","AlongBay","13","2024-05-14","13:10:51","49","24","CTD"
"S2024-05","2024","5","9_1","9","1","2024-05-14","14:15:58","50","52","CTD"
"S2024-05","2024","5","9_2","9","2","2024-05-14","14:24:02","51","75","CTD"
"S2024-05","2024","5","9_3","9","3","2024-05-14","14:33:48","52","89","CTD"
"S2024-05","2024","5","9_4","9","4","2024-05-14","14:40:13","53","92","CTD"
"S2024-05","2024","5","9_5","9","5","2024-05-14","14:48:04","54","95","CTD"
"S2024-05","2024","5","9_6","9","6","2024-05-14","14:55:38","55","100","CTD"
"S2024-05","2024","5","9_7","9","7","2024-05-14","15:03:21","56","99","CTD"
"S2024-05","2024","5","9_8","9","8","2024-05-14","15:10:37","57","92","CTD"
"S2024-05","2024","5","9_9","9","9","2024-05-14","15:17:30","58","79","CTD"
"S2024-05","2024","5","9_10","9","10","2024-05-14","15:23:22","59","58","CTD"
"S2024-05","2024","5","AlongBay_13","AlongBay","13","2024-05-14","13:14:00","3","24","CTD"
"S2024-06","2024","6","AlongBay_1","AlongBay","1","2024-06-13","10:42:59","1","71","CTD"
"S2024-06","2024","6","AlongBay_2","AlongBay","2","2024-06-13","11:03:31","2","115","CTD"
"S2024-06","2024","6","AlongBay_3","AlongBay","3","2024-06-13","11:19:38","3","115","CTD"
"S2024-06","2024","6","AlongBay_3","AlongBay","3","2024-06-13","11:20:00","","0","Phy"
"S2024-06","2024","6","AlongBay_3","AlongBay","3","2024-06-13","11:30:00","","20","Chl"
"S2024-06","2024","6","AlongBay_4","AlongBay","4","2024-06-13","11:45:00","4","150","CTD"
"S2024-06","2024","6","AlongBay_5","AlongBay","5","2024-06-13","12:04:38","5","173","CTD"
"S2024-06","2024","6","AlongBay_6","AlongBay","6","2024-06-13","12:18:58","6","100","CTD"
"S2024-06","2024","6","AlongBay_6","AlongBay","6","2024-06-13","12:30:51","","20","Chl"
"S2024-06","2024","6","AlongBay_6","AlongBay","6","2024-06-13","12:25:00","","0","Phyto"
"S2024-06","2024","6","AlongBay_7","AlongBay","7","2024-06-13","12:35:28","7","","CTD"
"S2024-06","2024","6","AlongBay_8","AlongBay","8","2024-06-13","12:47:15","8","81","CTD"
"S2024-06","2024","6","AlongBay_9","AlongBay","9","2024-06-13","12:57:41","9","","CTD"
"S2024-06","2024","6","AlongBay_10","AlongBay","10","2024-06-13","13:08:59","10","61","CTD"
"S2024-06","2024","6","AlongBay_10","AlongBay","10","2024-06-13","13:20:00","","20","Chl"
"S2024-06","2024","6","AlongBay_10","AlongBay","10","2024-06-13","13:20:00","","0","Phyto"
"S2024-06","2024","6","AlongBay_11","AlongBay","11","2024-06-13","13:26:41","11","53","CTD"
"S2024-06","2024","6","AlongBay_12","AlongBay","12","2024-06-13","13:37:19","12","76","CTD"
"S2024-06","2024","6","AlongBay_13","AlongBay","13","2024-06-13","13:50:52","13","25","CTD"
"S2024-06","2024","6","9_1","9","1","2024-06-13","14:57:04","14","57","CTD"
"S2024-06","2024","6","9_2","9","2","2024-06-13","15:08:09","15","73","CTD"
"S2024-06","2024","6","9_3","9","3","2024-06-13","15:16:32","16","92","CTD"
"S2024-06","2024","6","9_4","9","4","2024-06-13","15:25:43","17","92","CTD"
"S2024-06","2024","6","9_5","9","5","2024-06-13","15:33:09","18","95","CTD"
"S2024-06","2024","6","9_6","9","6","2024-06-13","15:42:11","19","100","CTD"
"S2024-06","2024","6","9_7","9","7","2024-06-13","15:50:47","20","99","CTD"
"S2024-06","2024","6","9_8","9","8","2024-06-13","15:59:50","21","92","CTD"
"S2024-06","2024","6","9_9","9","9","2024-06-13","16:07:16","22","78","CTD"
"S2024-06","2024","6","9_10","9","10","2024-06-13","16:13:56","23","60","CTD"
"S2024-07","2024","7","6_3","6","3","2024-07-18","11:28:05","1","105","CTD"
"S2024-07","2024","7","6_3","6","3","2024-07-18","11:30:00","","20","Chl water grab"
"S2024-07","2024","7","6_3","6","3","2024-07-18","11:30:00","","0","Phytoplankton"
"S2024-07","2024","7","7_22","7","22","2024-07-18","12:05:46","2","81","CTD"
"S2024-07","2024","7","AlongBay_PTGR","AlongBay","PTGR","2024-07-18","12:24:10","3","67","CTD"
"S2024-07","2024","7","AlongBay_POGI","AlongBay","POGI","2024-07-18","12:39:10","4","101","CTD"
"S2024-07","2024","7","AlongBay_1","AlongBay","1","2024-07-18","13:03:33","5","74","CTD"
"S2024-07","2024","7","AlongBay_2","AlongBay","2","2024-07-18","13:24:12","6","124","CTD"
"S2024-07","2024","7","AlongBay_3","AlongBay","3","2024-07-18","13:40:17","7","110","CTD"
"S2024-07","2024","7","AlongBay_4","AlongBay","4","2024-07-18","14:09:57","8","154","CTD"
"S2024-07","2024","7","AlongBay_5","AlongBay","5","2024-07-18","14:26:05","9","174","CTD"
"S2024-07","2024","7","AlongBay_6","AlongBay","6","2024-07-18","14:43:37","10","102","CTD"
"S2024-07","2024","7","AlongBay_6","AlongBay","6","2024-07-18","14:45:00","","0","Phytoplankton"
"S2024-07","2024","7","AlongBay_6","AlongBay","6","2024-07-18","14:48:00","","20","Water grab for chlorophyll"
"S2024-07","2024","7","AlongBay_7","AlongBay","7","2024-07-18","15:03:15","11","146","CTD"
"S2024-07","2024","7","AlongBay_8","AlongBay","8","2024-07-18","15:30:31","12","81","CTD"
"S2024-07","2024","7","AlongBay_9","AlongBay","9","2024-07-18","15:41:57","13","68","CTD"
"S2024-07","2024","7","AlongBay_10","AlongBay","10","2024-07-18","15:53:52","14","65","CTD"
"S2024-07","2024","7","AlongBay_10","AlongBay","10","2024-07-18","15:56:00","","0","Phytoplankton"
"S2024-07","2024","7","AlongBay_10","AlongBay","10","2024-07-18","15:59:00","","20","Water grab for chlorophyll (2)"
"S2024-07","2024","7","AlongBay_11","AlongBay","11","2024-07-18","16:14:11","15","55","CTD"
"S2024-07","2024","7","AlongBay_12","AlongBay","12","2024-07-18","16:25:41","16","79","CTD"
"S2024-07","2024","7","AlongBay_13","AlongBay","13","2024-07-18","16:39:14","17","27","CTD"
"S2024-07","2024","7","AlongBay_13","AlongBay","13","2024-07-18","16:43:17","18","28","CTD"
"S2024-07","2024","7","4_10","4","10","2024-07-19","09:53:00","19","12","CTD"
"S2024-07","2024","7","4_9","4","9","2024-07-19","09:58:29","20","23","CTD"
"S2024-07","2024","7","4_8","4","8","2024-07-19","10:05:40","21","26.8","CTD"
"S2024-07","2024","7","4_7","4","7","2024-07-19","10:13:24","22","33.9","CTD"
"S2024-07","2024","7","4_6","4","6","2024-07-19","10:20:22","23","60.8","CTD"
"S2024-07","2024","7","4_5","4","5","2024-07-19","10:28:16","24","77","CTD"
"S2024-07","2024","7","4_4","4","4","2024-07-19","10:38:00","25","86","CTD"
"S2024-07","2024","7","4_3","4","3","2024-07-19","10:48:22","26","106","CTD"
"S2024-07","2024","7","4_2","4","2","2024-07-19","10:59:40","27","100","CTD"
"S2024-07","2024","7","4_1","4","1","2024-07-19","11:08:52","28","18","CTD"
"S2024-07","2024","7","9_1","9","1","2024-07-19","12:17:21","29","55","CTD"
"S2024-07","2024","7","9_2","9","2","2024-07-19","12:22:43","30","78","CTD"
"S2024-07","2024","7","9_3","9","3","2024-07-19","12:30:28","31","93","CTD"
"S2024-07","2024","7","9_4","9","4","2024-07-19","12:42:18","32","95","CTD"
"S2024-07","2024","7","9_5","9","5","2024-07-19","12:49:48","33","98","CTD"
"S2024-07","2024","7","9_6","9","6","2024-07-19","12:57:42","34","102","CTD"
"S2024-07","2024","7","9_7","9","7","2024-07-19","13:10:52","35","101","CTD"
"S2024-07","2024","7","9_8","9","8","2024-07-19","13:18:41","36","95","CTD"
"S2024-07","2024","7","9_9","9","9","2024-07-19","13:26:56","37","81","CTD"
"S2024-07","2024","7","9_10","9","10","2024-07-19","13:33:17","38","63","CTD"
"S2024-08","2024","8","AlongBay_1","AlongBay","1","2024-08-26","10:55:30","1","72","CTD"
"S2024-08","2024","8","AlongBay_2","AlongBay","2","2024-08-26","11:17:16","2","122","CTD"
"S2024-08","2024","8","AlongBay_3","AlongBay","3","2024-08-26","11:33:57","3","108","CTD"
"S2024-08","2024","8","AlongBay_4","AlongBay","4","2024-08-26","11:58:00","4","153","CTD"
"S2024-08","2024","8","AlongBay_5","AlongBay","5","2024-08-26","12:15:24","5","169","CTD"
"S2024-08","2024","8","AlongBay_6","AlongBay","6","2024-08-26","12:33:53","6","99","CTD"
"S2024-08","2024","8","AlongBay_6","AlongBay","6","2024-08-26","12:45:00","","0","Phyto"
"S2024-08","2024","8","AlongBay_6","AlongBay","6","2024-08-26","12:50:00","","70","Zoop"
"S2024-08","2024","8","AlongBay_7","AlongBay","7","2024-08-26","12:57:34","7","144","CTD"
"S2024-08","2024","8","AlongBay_8","AlongBay","8","2024-08-26","13:11:57","8","79","CTD"
"S2024-08","2024","8","AlongBay_9","AlongBay","9","2024-08-26","13:24:00","9","66","CTD"
"S2024-08","2024","8","AlongBay_10","AlongBay","10","2024-08-26","13:32:11","10","62","CTD"
"S2024-08","2024","8","AlongBay_10","AlongBay","10","2024-08-26","13:40:00","","0","Phytoplankton "
"S2024-08","2024","8","AlongBay_10","AlongBay","10","2024-08-26","13:42:00","","20","Chl"
"S2024-08","2024","8","AlongBay_11","AlongBay","11","2024-08-26","13:47:39","11","53","CTD"
"S2024-08","2024","8","AlongBay_12","AlongBay","12","2024-08-26","13:58:57","12","","CTD"
"S2024-08","2024","8","AlongBay_13","AlongBay","13","2024-08-26","14:12:04","13","24","CTD"
"S2024-08","2024","8","9_1","9","1","2024-08-26","14:51:08","14","63","CTD"
"S2024-08","2024","8","9_2","9","2","2024-08-26","14:55:22","15","74","CTD"
"S2024-08","2024","8","9_3","9","3","2024-08-26","15:03:17","16","90","CTD"
"S2024-08","2024","8","9_4","9","4","2024-08-26","15:09:22","17","90","CTD"
"S2024-08","2024","8","9_5","9","5","2024-08-26","15:16:35","18","94","CTD"
"S2024-08","2024","8","9_6","9","6","2024-08-26","15:25:29","19","99","CTD"
"S2024-08","2024","8","9_7","9","7","2024-08-26","15:32:23","20","99","CTD"
"S2024-08","2024","8","9_8","9","8","2024-08-26","15:41:24","21","94","CTD"
"S2024-08","2024","8","9_9","9","9","2024-08-26","15:48:07","22","83","CTD"
"S2024-08","2024","8","9_10","9","10","2024-08-26","15:56:21","23","63","CTD"
